id;legal_entity_name;street_address;postal_code;city;state_province
1;Metal pixel;National;Bypass Integration Neuseeland;Neu Emrescheid;application Finnland Berkshire
2;throughput;withdrawal red Crossroad;applications synthesizing;Ost Leroyscheid;Village
3;Assurance wireless application;withdrawal hack holistic;fuchsia Cross-group Industrial;Raphaelstadt;Bremen infomediaries
4;Fresh Points;index;repurpose Unbranded process;Benzingburg;Refined
5;forecast Kids;port;Turnpike Concrete Incredible;Burke;Sports
6;Principal;Representative Checking gold;Tobago;Albertscheid;Pound
7;deposit Product;Garden;Planner;Ost Hanno;Grass-roots
8;Loan;navigating Haiti Facilitator;Incredible;Melekscheid;blue brand
9;Dynamic clear-thinking online;Tasty;Human;Curtdorf;array
10;whiteboard Identity PNG;Sachsen bluetooth;Komoren mindshare Configuration;Denizscheid;methodology frictionless
